{
	"format_version": "1.8.0",
	"animations": {
		"animation.denji.idle": {
			"loop": true,
			"animation_length": 2,
			"bones": {
				"waist": {
					"rotation": {
						"vector": [-2.52154, 7.49282, -0.32902]
					},
					"position": {
						"vector": [0, -0.9, 0]
					}
				},
				"body": {
					"rotation": {
						"0.0": {
							"vector": [5.00474, -2.49048, -0.21803]
						},
						"1.0": {
							"vector": [0.00474, -2.49048, -0.21803]
						},
						"2.0": {
							"vector": [5.00474, -2.49048, -0.21803]
						}
					}
				},
				"head": {
					"rotation": {
						"vector": [9.48824, -2.44632, -8.55881]
					}
				},
				"rightArm": {
					"rotation": {
						"0.0": {
							"vector": [13.95658, 19.39558, 18.42547]
						},
						"1.0": {
							"vector": [17.95658, 19.39558, 18.42547]
						},
						"2.0": {
							"vector": [13.95658, 19.39558, 18.42547]
						}
					}
				},
				"rightForearm": {
					"rotation": {
						"vector": [-40, 0, 0]
					}
				},
				"leftArm": {
					"rotation": {
						"0.0": {
							"vector": [7.5, 0, -17.5]
						},
						"1.0": {
							"vector": [11.49733, -0.09641, -16.50099]
						},
						"2.0": {
							"vector": [7.5, 0, -17.5]
						}
					}
				},
				"leftForearm": {
					"rotation": {
						"vector": [-25, 0, 0]
					}
				},
				"rightLeg": {
					"rotation": {
						"vector": [1.21436, 15.67456, 7.65801]
					},
					"position": {
						"vector": [0, -0.8, 0]
					}
				},
				"rightDownLeg": {
					"rotation": {
						"vector": [42.29887, 3.45533, -6.66067]
					}
				},
				"leftLeg": {
					"rotation": {
						"vector": [-5.10836, -7.86228, -5.80805]
					},
					"position": {
						"vector": [0, -0.6, 0]
					}
				},
				"leftDownLeg": {
					"rotation": {
						"vector": [7.48637, -0.64686, 2.41492]
					}
				}
			}
		},
		"animation.denji.attack": {
			"loop": true,
			"animation_length": 1,
			"bones": {
				"waist": {
					"rotation": {
						"0.0": {
							"vector": [-2.52154, 7.49282, -0.32902]
						},
						"0.2083": {
							"vector": [12.47846, 7.49282, -0.32902]
						},
						"0.5": {
							"vector": [8.12737, -43.94561, -11.38378]
						},
						"0.7083": {
							"vector": [5.84487, -1.72563, -5.90055]
						},
						"1.0": {
							"vector": [-2.52154, 7.49282, -0.32902]
						}
					},
					"position": {
						"0.0": {
							"vector": [0, -0.9, 0]
						},
						"1.0": {
							"vector": [0, -0.9, 0]
						}
					}
				},
				"body": {
					"rotation": {
						"0.0": {
							"vector": [5.00474, -2.49048, -0.21803]
						},
						"0.2083": {
							"vector": [5.17544, 14.94159, 1.3378]
						},
						"0.5": {
							"vector": [-8.0104, -1.29733, 2.20475]
						},
						"0.7083": {
							"vector": [-7.94682, -1.64439, -0.27186]
						},
						"1.0": {
							"vector": [5.00474, -2.49048, -0.21803]
						}
					}
				},
				"head": {
					"rotation": {
						"0.0": {
							"vector": [9.48824, -2.44632, -8.55881]
						},
						"0.2083": {
							"vector": [18.31595, -28.78167, -28.15446]
						},
						"1.0": {
							"vector": [9.48824, -2.44632, -8.55881]
						}
					}
				},
				"rightArm": {
					"rotation": {
						"0.0": {
							"vector": [13.95658, 19.39558, 18.42547]
						},
						"0.3333": {
							"vector": [38.57348, 54.3887, 76.96078]
						},
						"0.4167": {
							"vector": [-47.06169, 18.46213, 18.10474]
						},
						"0.5": {
							"vector": [-52.69686, -17.46445, -40.7513]
						},
						"0.75": {
							"vector": [-58.36341, 40.51768, -28.30562]
						},
						"1.0": {
							"vector": [13.95658, 19.39558, 18.42547]
						}
					}
				},
				"rightForearm": {
					"rotation": {
						"0.0": {
							"vector": [-40, 0, 0]
						},
						"0.2083": {
							"vector": [-30.00135, 13.12479, 21.46872]
						},
						"0.4167": {
							"vector": [-37.60889, 11.51133, 16.02817]
						},
						"0.5": {
							"vector": [-4.75909, -19.95871, -42.4216]
						},
						"0.7083": {
							"vector": [18.28594, -9.4201, -119.7789]
						},
						"1.0": {
							"vector": [-40, 0, 0]
						}
					}
				},
				"leftArm": {
					"rotation": {
						"vector": [7.5, 0, -17.5]
					}
				},
				"leftForearm": {
					"rotation": {
						"vector": [-25, 0, 0]
					}
				},
				"rightLeg": {
					"rotation": {
						"0.0": {
							"vector": [1.21436, 15.67456, 7.65801]
						},
						"1.0": {
							"vector": [1.21436, 15.67456, 7.65801]
						}
					},
					"position": {
						"0.0": {
							"vector": [0, -0.8, 0]
						},
						"1.0": {
							"vector": [0, -0.8, 0]
						}
					}
				},
				"rightDownLeg": {
					"rotation": {
						"vector": [42.29887, 3.45533, -6.66067]
					}
				},
				"leftLeg": {
					"rotation": {
						"vector": [-5.10836, -7.86228, -5.80805]
					},
					"position": {
						"vector": [0, -0.6, 0]
					}
				},
				"leftDownLeg": {
					"rotation": {
						"vector": [7.48637, -0.64686, 2.41492]
					}
				}
			}
		},
		"animation.denji.attack2": {
			"loop": true,
			"animation_length": 1.25,
			"bones": {
				"waist": {
					"rotation": {
						"0.0": {
							"vector": [-2.52154, 7.49282, -0.32902]
						},
						"0.25": {
							"vector": [-2.56062, -12.48791, 0.55404]
						},
						"0.5417": {
							"vector": [17.49439, 36.80264, 4.60998]
						},
						"1.2083": {
							"vector": [-2.52154, 7.49282, -0.32902]
						}
					},
					"position": {
						"0.0": {
							"vector": [0, -0.9, 0]
						},
						"1.2083": {
							"vector": [0, -0.9, 0]
						}
					}
				},
				"body": {
					"rotation": {
						"0.0": {
							"vector": [5.00474, -2.49048, -0.21803]
						},
						"0.125": {
							"vector": [6.56779, -39.81425, -4.22362]
						},
						"0.25": {
							"vector": [5.24133, -17.43127, -1.5741]
						},
						"0.5": {
							"vector": [5.50543, 23.81488, 2.22365]
						},
						"1.2083": {
							"vector": [5.00474, -2.49048, -0.21803]
						}
					}
				},
				"head": {
					"rotation": {
						"vector": [9.48824, -2.44632, -8.55881]
					}
				},
				"rightArm": {
					"rotation": {
						"vector": [13.95658, 19.39558, 18.42547]
					}
				},
				"rightForearm": {
					"rotation": {
						"vector": [-40, 0, 0]
					}
				},
				"leftArm": {
					"rotation": {
						"0.0": {
							"vector": [7.5, 0, -17.5]
						},
						"0.125": {
							"vector": [21.44825, -49.9352, -69.45602]
						},
						"0.25": {
							"vector": [-84.81376, -56.54298, -52.14856]
						},
						"0.5417": {
							"vector": [-83.43604, 53.14216, -25.44052]
						},
						"0.9167": {
							"vector": [-47.61587, -4.54353, -34.43985]
						},
						"1.2083": {
							"vector": [7.5, 0, -17.5]
						}
					}
				},
				"leftForearm": {
					"rotation": {
						"0.0": {
							"vector": [-25, 0, 0]
						},
						"0.25": {
							"vector": [0, 0, 0]
						},
						"0.6667": {
							"vector": [0, 0, 12.5]
						},
						"0.8333": {
							"vector": [0, 0, 40]
						},
						"1.125": {
							"vector": [-25, 0, 0]
						}
					}
				},
				"rightLeg": {
					"rotation": {
						"vector": [1.21436, 15.67456, 7.65801]
					},
					"position": {
						"vector": [0, -0.8, 0]
					}
				},
				"rightDownLeg": {
					"rotation": {
						"vector": [42.29887, 3.45533, -6.66067]
					}
				},
				"leftLeg": {
					"rotation": {
						"vector": [-5.10836, -7.86228, -5.80805]
					},
					"position": {
						"vector": [0, -0.6, 0]
					}
				},
				"leftDownLeg": {
					"rotation": {
						"vector": [7.48637, -0.64686, 2.41492]
					}
				}
			}
		},
		"animation.denji.attack3": {
			"loop": true,
			"animation_length": 1.29167,
			"bones": {
				"waist": {
					"rotation": {
						"0.0": {
							"vector": [-2.52154, 7.49282, -0.32902]
						},
						"0.375": {
							"vector": [24.97846, 7.49282, -0.32902]
						},
						"0.6667": {
							"vector": [7.47846, 7.49282, -0.32902]
						},
						"1.125": {
							"vector": [-2.52154, 7.49282, -0.32902]
						}
					},
					"position": {
						"0.0": {
							"vector": [0, -0.9, 0]
						},